<?xml version="1.0" encoding="utf-8"?>
<ModMetaData>
	<name>Colonists' Deco</name>
	<author>Abe Vriens</author>
	<supportedVersions>
		<li>1.2</li>
		<li>1.3</li>
	</supportedVersions>
	<packageId>iemanddieabeheet.colonistsdeco</packageId>
	<description>This mod adds the ability for colonists to decorate their own rooms.

Features:
- Colonists will decorate their bedroom with all kinds of decorations. Doing this levels up their construction skill.
- The decorations that are hung up by your colonists reflect the tech level of your colony.

Planned:
- Add room specific decorations
- Add customisable decorations

Camera+ is recommended if you want to see the decorations in detail.

Feel free to contact me if you have any problems with the mod.

Current version - [V2.4.0]
</description>

<descriptionsByVersion>

	<v1.2>This mod adds the ability for colonists to decorate their own rooms.

	Features:
	- Colonists will decorate their bedroom with all kinds of decorations. Doing this levels up their construction skill.
	- The decorations that are hung up by your colonists reflect the tech level of your colony.

	Planned:
	- Add room specific decorations
	- Add customisable decorations

	Camera+ is recommended if you want to see the decorations in detail.

	Feel free to contact me if you have any problems with the mod.

	Current version - [V1.2.0]

	</v1.2>

</descriptionsByVersion>

<loadAfter>
		<li>Ludeon.RimWorld</li>
        <li>Ludeon.RimWorld.Royalty</li>
		<li>Ludeon.RimWorld.Ideology</li>
		<li>brrainz.harmony</li>
		<li>UnlimitedHugs.HugsLib</li>
</loadAfter>

<modDependencies>
    <li>
        <packageId>brrainz.harmony</packageId>
        <displayName>Harmony</displayName>
        <steamWorkshopUrl>steam://url/CommunityFilePage/2009463077</steamWorkshopUrl>
        <downloadUrl>https://github.com/pardeike/HarmonyRimWorld/releases/latest</downloadUrl>
    </li>
</modDependencies>

</ModMetaData>